lisa@southpark.com,Lisa,Simpson,female,91122335,en, '120298 45666', 91122335,en, '120298 45666', '120298 45666'
donald@duckburg.com,Donald,Duck,male,91122335,en, '120298 45666'
leah.woods@example.com,leah,woods,female,91122335,en, '120298 45666'
julia.jimenez@example.com,julia,jimenez,female,91122335,en, '120298 45666'
sophia.johnston@example.com,sophia,johnston,female,91122335,en, '120298 45666'
deborah.knight@example.com,deborah,knight,female,91122335,en, '120298 45666'
emily.fields@example.com,emily,fields,female,91122335,en, '120298 45666'
dave.garcia@example.com,dave,garcia,male,91122335,en, '120298 45666'
vicky.gonzalez@example.com,vicky,gonzalez,female,91122335,en, '120298 45666'
katie.kelley@example.com,katie,kelley,female,91122335,en, '120298 45666'
holly.day@example.com,holly,day,female,91122335,en, '120298 45666'
alexandra.lee@example.com,alexandra,lee,female,91122335,en, '120298 45666'
gary.gardner@example.com,gary,gardner,male,91122335,en, '120298 45666'
jared.campbell@example.com,susan,walker,female,91122335,en, '120298 45666'
susan.walker@example.com,jared,campbell,male,91122335,en, '120298 45666'
phoebe.spencer@example.com,phoebe,spencer,female,91122335,en, '120298 45666'
amber.lowe@example.com,amber,lowe,female,91122335,en, '120298 45666'
sean.palmer@example.com,sean,palmer,male,91122335,en, '120298 45666'
blake.myers@example.com,blake,myers,male,91122335,en, '120298 45666'
ritthy.fields@example.com,ritthy,fields,male,91122335,en, '120298 45666'
henry.burns@example.com,henry,burns,male,91122335,en, '120298 45666'
tommy.russell@example.com,tommy,russell,male,91122335,en, '120298 45666'
rebecca.pearson@example.com,rebecca,pearson,female,91122335,en, '120298 45666'
landon.bell@example.com,landon,bell,male,91122335,en, '120298 45666'
fernando.harris@example.com,fernando,harris,male,91122335,en, '120298 45666'
rosie.henry@example.com,rosie,henry,female,91122335,en, '120298 45666'
beautiful@lady.com,kim,campbell,female,91122335,en, '120298 45666'
dylan.banks@example.com,dylan,banks,male,91122335,en, '120298 45666'
